1,1,Ayalew Kinde Atanaw,0:30:17
2,25,Lipschitz Adam Nathan,0:30:17
3,5,Kemei Moses Kipngetich,0:30:18
4,11,Abebe Tilahun Sime,0:30:18
5,19,Sugut Silas Kipkoech,0:30:18
6,22,Worku Hunde Lechisa,0:30:18
7,28,Chekwurui Mathew Job,0:30:18
8,2,Kandie Felix Kipchirchir,0:30:19
9,7,Kipkemboi Robert Kiplimo,0:30:19
10,12,Kattam Timothy Kipkorir,0:30:19
11,16,Cheruiyot Abednego,0:30:19
12,6,Kerio Reuben Kiprop,0:30:20
13,23,Musau Martin Naibei,0:30:21
14,27,Kibarus Alex Kipkorir,0:33:34
15,26,Cheptoch Benard,0:33:35
16,31,Ivaniuta Taras,0:36:10
17,32,Srnánek Rastislav,0:36:36
18,1008,Folenta Martin,0:36:36
19,34,Zaťko Dominik,0:37:05
20,1004,Kviatkovsky Peter,0:37:05
21,37,Gyén Daniel,0:37:13
22,49,Balog Ondrej,0:37:13
23,62,Vidlička Marek,0:37:13
24,48,Uhrin Bohumil,0:38:09
25,1016,Žontar Aleš,0:38:09
26,1011,Ádám Alexander,0:38:11
27,45,Drotován Juraj,0:38:13
28,39,Pálfi Štefan,0:38:40
29,1009,Gawlik Slawomir,0:38:40
30,41,Šmýkal Mário,0:38:41
31,51,Klášterka Tomáš,0:38:41
32,33,Török Juraj,0:38:42
33,1013,Páleník Matej,0:38:42
34,1017,Koza Marian,0:38:46
35,75,Nagy Peter,0:38:47
36,1048,Achberger Denis,0:38:52
37,66,Belohorec František,0:38:59
38,38,Jankaj Matúš,0:39:00
39,1084,Dörner Milan,0:39:02
40,44,Franěk Emil,0:39:16
41,1025,Šrámek Vladimír,0:39:27
42,1018,Kerekeš Attila,0:39:29
43,71,Fazekaš Tadeáš,0:39:38
44,1062,Wadas Grzegorz,0:39:43
45,72,Korenko Marek,0:39:46
46,40,Trtek Roman,0:39:58
47,35,Matta Tomáš,0:40:00
48,46,Kaňovský Peter,0:40:00
49,50,Straka Ján,0:40:01
50,1032,Kopecký Martin,0:40:03
51,64,Komara Ján,0:40:04
52,1180,Slavkovsky Tomas,0:40:04
53,78,Kucharovic Jakub,0:40:05
54,83,Kováč Michal,0:40:05
55,1014,Zboray Marek,0:40:05
56,1019,Hatala Martin,0:40:05
57,1026,Kováč Peter,0:40:05
58,43,Sýkora Daniel,0:40:06
59,57,Szabo Michal,0:40:06
60,1182,Šajbidor Matúš,0:40:06
61,54,Redaj Ľubomír,0:40:07
62,74,Mitas Mário,0:40:07
63,77,Súkeník Oliver,0:40:07
64,1015,Kuts Andrii,0:40:07
65,1046,Lami Michal,0:40:07
66,1135,Kurucz Jozef,0:40:07
67,60,Švantner Marek,0:40:08
68,1703,Pavlík Martin,0:40:08
69,73,Bukový Peter,0:40:09
70,1091,Filipec Petr,0:40:13
71,53,Maľuk Marek,0:40:19
72,1069,Rusin Kornel,0:40:24
73,65,Mraz Stefan,0:40:52
74,69,Senaj Šimon,0:40:54
75,1070,Lištinský Ľuboš,0:40:54
76,1100,Černek Peter,0:40:55
77,1143,Šulík Pavol,0:41:09
78,1196,Pekár Lukas,0:41:09
79,1071,Plevák Milan,0:41:10
80,1186,Vyhnička Kamil,0:41:10
81,1209,Medvecký Daniel,0:41:10
82,1986,Repák Erik,0:41:10
83,1038,Milo Martin,0:41:11
84,82,Kotrady Vladimir,0:41:12
85,85,Kopaničák Pavol,0:41:12
86,1021,Jesenský Jakub,0:41:14
87,79,Martinček František,0:41:16
88,1221,Mačejný Tomáš,0:41:26
89,1055,Kocemba Kamil,0:41:29
90,67,Štefina Štefan,0:41:33
91,1203,Tomčo Kristián,0:41:50
92,1207,Junga Milan,0:41:55
93,47,Mockovčiak Marek,0:41:56
94,1047,Šimko Pavel,0:41:57
95,1058,Demovič Matej,0:41:57
96,1065,Hrabovský Zdeněk,0:41:58
97,1188,Bašta Pavel,0:41:59
98,1614,Neovesky Jan,0:41:59
99,1082,Holička Tomáš,0:42:08
100,1617,Nazarej Jozef,0:42:12
101,1212,Habľák Matúš,0:42:16
102,1052,Yan Kuan,0:42:17
103,1106,Edwards Will,0:42:18
104,1122,Kolena Michal,0:42:21
105,1105,Gawlik Michał,0:42:22
106,1429,Jepsen Henrik Berg,0:42:25
107,1066,Smus Denys,0:42:26
108,1276,Milý Juraj,0:42:27
109,1099,Nestor Peter,0:42:28
110,1509,Šindelek Dan,0:42:28
111,1228,Moravčík Michal,0:42:30
112,1265,Pytlík Matej,0:42:31
113,42,Bartík Markus,0:42:33
114,1245,Lichtneker Lukáš,0:42:33
115,1497,Jajcay Jakub,0:42:33
116,1504,Mackovič Tomáš,0:42:34
117,1095,Mitaľ Miloš,0:42:35
118,2069,Rohaľ Kamil,0:42:35
119,1076,Smyk Łukasz,0:42:36
120,1093,Dubec Samuel,0:42:36
121,1110,Dudiak Marek,0:42:36
122,1150,Worobel Tomáš,0:42:36
123,1165,Tabačko Daniel,0:42:36
124,1167,Kraviansky Daniel,0:42:36
125,1386,Štencel Miroslav,0:42:36
126,1035,Žila Milan,0:42:37
127,1077,Denke Radoslav,0:42:37
128,1090,Adamský Tomáš,0:42:37
129,1166,Duračinský Marek,0:42:37
130,1184,Schrötter Ján,0:42:37
131,1197,Trepáč Lukáš,0:42:37
132,1206,Kovalančík Martin,0:42:37
133,68,Kyselica Miroslav,0:42:38
134,1080,Táčovský Peter,0:42:38
135,1088,Mesíček Andrej,0:42:38
136,1327,Róža Viktor,0:42:38
137,1370,Rýzek Jaromír,0:42:38
138,52,Skubeň Rastislav,0:42:39
139,1074,Grejták Branislav,0:42:39
140,1154,Jurík Miroslav,0:42:39
141,1376,Krempaský Matej,0:42:39
142,55,Kühtreiber Peter,0:42:40
143,1045,Biegun Marcin,0:42:40
144,1075,Pásztor Ján,0:42:40
145,1147,Kračun Pavel,0:42:40
146,1187,Plačko Martin,0:42:40
147,1215,Sardovskiy Anatoly,0:42:40
148,1158,Melkovič Timotej,0:42:41
149,3690,Haničák Tadeáš,0:42:41
150,1227,Giňovský Ján,0:42:42
151,1343,Mikula Martin,0:42:42
152,1442,Minárik Daniel,0:42:42
153,1063,Wu Ting Yi,0:42:43
154,1072,Janík Lukáš,0:42:43
155,1092,Urban Peter,0:42:43
156,1094,Ivanička Peter,0:42:43
157,3706,Grib Michal,0:42:43
158,1426,Sabo Nenad,0:42:44
159,1078,Valentovič Tomáš,0:42:45
160,2136,Pačuta Slavomír,0:42:45
161,1291,Pollák Ján,0:42:46
162,1102,Talapka František,0:42:48
163,1108,Holík Vladimír,0:42:49
164,1020,Nagy Lubomir,0:42:58
165,1728,Tylka Juraj,0:42:59
166,1097,Malarczyk Jarosław,0:43:00
167,1104,Šmotlák Dávid,0:43:06
168,1120,Pohorelec Tomas,0:43:06
169,1183,Dzurisin Samuel,0:43:06
170,1171,Haugen Mads-Jorgen,0:43:07
171,1002,Betteš Peter,0:43:08
172,1060,Kovaľ Martin,0:43:11
173,1759,Ďurčo Dominik,0:43:19
174,1555,Bercik Martin,0:43:24
175,1961,Střelec Lukáš,0:43:26
176,1278,Jurčík Ján,0:43:28
177,1131,Košík Jozef,0:43:30
178,1375,Miškanin Martin,0:43:31
179,1138,Hudák Michal,0:43:32
180,1263,Naish Calum,0:43:32
181,1223,Seliga Jozef,0:43:34
182,1061,Sikorai Vladimír,0:43:35
183,1153,Gombár Vladimír,0:43:36
184,1176,Balaz Marcel,0:43:38
185,1125,Korecki Andrzej,0:43:44
186,1282,Šidlovsky Jaroslav,0:43:44
187,1409,Krištof Lukáš,0:43:44
188,1479,Prívozník Jakub,0:43:47
189,1140,Hruška Lukáš,0:43:50
190,1415,Munka Tibor,0:43:51
191,1168,Havír Rastislav,0:43:56
192,1238,Borovsky Pavol,0:43:58
193,63,Pekný Michal,0:43:59
194,1290,Orság Matej,0:43:59
195,1001,Vilim Martin,0:44:00
196,1236,Kramár Peter,0:44:01
197,59,Tysz Adam,0:44:03
198,1195,Ridzoň Ľubomír,0:44:03
199,1467,Bagi Rastislav,0:44:03
200,76,Kušnirik Martin,0:44:04
201,1571,Tomášik Matej,0:44:04
202,1292,Szabó László,0:44:05
203,1264,Stadnik Wojciech,0:44:06
204,1540,Glončák Andrej,0:44:06
205,1752,Popovec Ivan,0:44:10
206,1372,Bialko Marian,0:44:12
207,1175,Zachar Gabriel,0:44:13
208,1261,Rácz András,0:44:14
209,1205,Labuda Matúš,0:44:15
210,1225,Franko Miloš,0:44:18
211,1298,Pavol Miroslav,0:44:18
212,1114,Janík Maroš,0:44:20
213,1378,Lojka Martin,0:44:22
214,1210,Šoltés Tomáš,0:44:25
215,1230,Spišiak Michal,0:44:27
216,1142,Van Der Heiden Jesper,0:44:28
217,1190,Demko Dominik,0:44:31
218,1202,Mecele Branislav,0:44:36
219,1130,Seman Erik,0:44:37
220,1520,Nyéki Jakub,0:44:38
221,1216,Seknička Karel,0:44:42
222,1522,Herzán Jakub,0:44:45
223,1073,Šatka Šimon,0:44:46
224,1441,Janoušek Miroslav,0:44:46
225,1713,Cicák Patrik,0:44:50
226,1307,Strausz Patrik,0:44:53
227,1128,Seman Lukáš,0:44:54
228,1053,Poddighe Carlo,0:44:58
229,1284,Penzeš Lukaš,0:44:59
230,1173,Lucas Paul,0:45:02
231,1124,Zaťko Marian,0:45:06
232,2828,Balog Anton,0:45:08
233,1512,Hliva Jaroslav,0:45:09
234,1309,Fülöp Peter,0:45:14
235,1367,Asztalos János,0:45:16
236,1387,Albrecht Slavomír,0:45:16
237,1189,Hartshorne Barry,0:45:17
238,1789,Szakácsi Erik,0:45:20
239,1127,Vlasaty Pavol,0:45:32
240,1198,Dvorščík Milan,0:45:37
241,1697,Podstavek Miroslav,0:45:37
242,1871,Wiesinger Miloš,0:45:39
243,1295,Beniak Juraj,0:45:40
244,1406,Sloboda Marek,0:45:40
245,1297,Bednář Václav,0:45:42
246,1912,Nagy Jan,0:45:43
247,1116,Bernath Zoltan,0:45:44
248,1163,Mačura Marek,0:45:44
249,1260,Kovács László,0:45:47
250,1909,Bubica Roman,0:45:47
251,1532,Herceg Adam,0:45:49
252,1235,Beňuš Miloš,0:45:50
253,1584,Skřínský Jan,0:45:50
254,1603,Vredik Miroslav,0:45:50
255,1796,Sitkey Matus,0:45:50
256,1356,Trojanovič Vladimír,0:45:51
257,1455,Vasičkanin Martin,0:45:53
258,2013,Petrovic Michal,0:45:53
259,1402,Walsh Adam,0:45:55
260,1365,Hrčka Ján,0:45:56
261,2755,Fontosh Myroslav,0:45:56
262,1283,Janata Pavel,0:45:59
263,1155,Maršinský Michal,0:46:02
264,1269,Petic Radoslav,0:46:05
265,1146,Polončák Ján,0:46:06
266,1214,Sabol Slavomir,0:46:06
267,1133,Papcun Miroslav,0:46:07
268,1939,Kmeť Patryk,0:46:07
269,1389,Rokas Roman,0:46:08
270,1459,Rybecky František,0:46:08
271,1134,Farkaš Miloš,0:46:10
272,1446,Kovacs Adam,0:46:10
273,3703,Schiller Roman,0:46:14
274,1029,Treľo Michal,0:46:15
275,1776,Štofko Erik,0:46:15
276,1765,Benko Martin,0:46:16
277,1117,Brestič Tomáš,0:46:18
278,1268,Urr Szabolcs,0:46:19
279,1170,Maguľak Timotej,0:46:20
280,1322,Ivan Milan,0:46:20
281,1241,Smith Andrew,0:46:21
282,1341,Florek Marek,0:46:21
283,1350,Baculák Dominik,0:46:21
284,1086,Chmatil Ľuboš,0:46:23
285,1385,Tulenko Peter,0:46:23
286,58,Brosch Gorazd,0:46:24
287,1234,Lindvai Slavomir,0:46:24
288,1293,Wojciechowski Tomasz,0:46:24
289,1300,Mrva Tomáš,0:46:24
290,56,Kaľavský Július,0:46:25
291,1085,Polák Dušan,0:46:25
292,1194,Krč Tomáš,0:46:25
293,1352,Beňák Vladimír,0:46:25
294,1211,Bíreš Robert,0:46:26
295,1419,Kramárik Matúš,0:46:26
296,1470,Hlaváč Michal,0:46:26
297,1627,Hudák Róbert,0:46:26
298,1855,Kečkéš Marek,0:46:26
299,2109,Gajdoš Miroslav,0:46:26
300,1101,Sanitra Martin,0:46:27
301,1382,Burik Peter,0:46:27
302,1411,Gal Miroslav,0:46:27
303,1463,Kovasich Kamil,0:46:27
304,1724,Liška Ivo,0:46:27
305,1739,Hlásnik Miroslav,0:46:27
306,1433,Búci Peter,0:46:28
307,1460,Vaník Martin,0:46:28
308,1656,Kubizna Jozef,0:46:28
309,2123,Petija Lukáš,0:46:28
310,1040,Sciranko Jozef,0:46:29
311,1271,Gonos Bruno,0:46:29
312,1318,Ševcov Vladimír,0:46:29
313,1334,Sabo Michal,0:46:29
314,1527,Dorička David,0:46:29
315,1121,Lahky Martin,0:46:30
316,1305,Zajac Kamil,0:46:30
317,1335,Plášek Vladimír,0:46:30
318,1340,Babulic Branislav,0:46:30
319,1112,Krasnay Tomáš,0:46:31
320,1355,Fülöp Robert,0:46:31
321,1484,Širota Peter,0:46:31
322,1767,Kerak Martin,0:46:31
323,1259,Vrabko Vladimír,0:46:32
324,1438,Gula Julián,0:46:32
325,1513,Holečka Adam,0:46:32
326,1733,Piovár Martin,0:46:32
327,1332,Gryboś Szymon,0:46:33
328,1882,Čurda Zdeněk,0:46:33
329,1616,Lučivjanský Tomáš,0:46:34
330,1649,Adasek Jakub Noel,0:46:34
331,1530,Nalevanko Jozef,0:46:35
332,1043,Lip Bryan,0:46:37
333,2008,Remža Dávid,0:46:37
334,1373,Hrinda Maroš,0:46:40
335,3643,Tatár Jakub,0:46:42
336,1610,Peter Kristián,0:46:43
337,1718,Gogola Ján,0:46:46
338,1107,Lukáč Mikuláš,0:46:48
339,1160,Novák Tomáš,0:46:49
340,1317,Kremenák Jaroslav,0:46:49
341,1345,Imrich Tomáš,0:46:50
342,1417,Mikuš František,0:46:52
343,1113,Strompf Radovan,0:46:53
344,1462,Lichtig Dalibor,0:46:53
345,2464,Jefanov Boris,0:46:53
346,1397,Budzák Jan,0:46:54
347,1453,Čisár Martin,0:46:55
348,1490,Šturmankin Juraj,0:47:01
349,1507,Mišlej Ján,0:47:01
350,1430,Ďurec Ondrej,0:47:02
351,1481,Vojtek Pavel,0:47:02
352,1488,Rimaszombati Zoltán,0:47:03
353,1257,Slivka Steve,0:47:07
354,1477,Ondrejka Kamil,0:47:08
355,1976,Malejčík Jozef,0:47:08
356,1233,Babic Marian,0:47:10
357,1510,Piskla Štefan,0:47:11
358,1725,Roth Patrik,0:47:11
359,1544,Jaroščák Anton,0:47:12
360,1308,Križan Patrik,0:47:13
361,1457,Švajda Gabriel,0:47:14
362,3080,Záchej Miroslav,0:47:14
363,1400,Jendroľ Branislav,0:47:15
364,1554,Grudecký Patrik,0:47:15
365,1177,Travis Dominic,0:47:16
366,1700,Pocsai Sándor,0:47:16
367,1439,Lagovský Martin,0:47:17
368,1738,Baluch Ladislav,0:47:20
369,1810,Lupač Jakub,0:47:20
370,1838,Pikáli Tomáš,0:47:20
371,1770,Grenda Vincent,0:47:21
372,1337,Hanula Pavol,0:47:22
373,1677,Hutkai Mário,0:47:22
374,1339,Fodor Jakub,0:47:23
375,1681,Pirožek Peter,0:47:23
376,1425,Gomolčák Matúš,0:47:25
377,1398,Greš-Vaľa Oskar,0:47:27
378,1670,Baňas Marek,0:47:28
379,1374,Murdzik Ján,0:47:30
380,1492,Smutny Anton,0:47:31
381,1566,Szwaj Mariusz,0:47:33
382,1244,Šlenker Branislav,0:47:34
383,1537,Tomko Jaroslav,0:47:40
384,1030,Smetana Miroslav,0:47:41
385,1252,Humaj Andrej,0:47:42
386,1360,Sepeši Peter,0:47:46
387,1249,Hodossy Tamás,0:47:47
388,1390,Vedral Honza,0:47:49
389,1609,Zamora Dodo,0:47:53
390,2855,Boža Václav,0:47:55
391,1185,Dzuro Peter,0:47:56
392,1266,Horáček Miroslav,0:47:56
393,2154,Uličný Kamil,0:47:56
394,1303,Kováč Erik,0:47:57
395,1371,Kostka Marek,0:47:57
396,1563,Soliar Adam,0:47:57
397,1418,Lelák Kamil,0:48:00
398,1659,Varga Róbert,0:48:00
399,1777,Kuruc Jakub,0:48:01
400,1412,Hriň Štefan,0:48:02
401,1764,Kuzmiak Peter,0:48:02
402,1231,Venglovský Tomáš,0:48:03
403,1346,Bajnok Pavol,0:48:06
404,3359,Cmar Peter,0:48:07
405,1710,Laco Peter,0:48:08
406,1933,Hubáček Martin,0:48:09
407,1033,Pavlacký Jaroslav,0:48:11
408,1639,Rišiaň František,0:48:13
409,1328,Andrejko Ondrej,0:48:14
410,1607,Kraviansky František,0:48:18
411,1393,Kerpčár Dušan,0:48:21
412,1302,Krempasky Tomas,0:48:22
413,1991,Beták Jozef,0:48:22
414,1685,Paulen Rastislav,0:48:23
415,1358,Fogaš Lukáš,0:48:24
416,1480,Charvát Tomáš,0:48:24
417,1806,Novek Tomáš,0:48:24
418,2579,Čamaj Martin,0:48:24
419,1666,Nevlaha Jozef,0:48:25
420,1694,Frťala Michal,0:48:26
421,1349,Kratochvíla Martin,0:48:27
422,1551,Kačmár Kamil,0:48:28
423,1669,Komiya Yuji,0:48:28
424,1774,Kicina Michal,0:48:29
425,1921,Klimo Michal,0:48:32
426,1768,Kocúr Rastislav,0:48:33
427,1542,Mádi Adrian,0:48:34
428,1711,Ivančík Martin,0:48:34
429,1793,Bátovský Miroslav,0:48:34
430,1526,Medoň Ľuboš,0:48:35
431,1493,Kalman Levente,0:48:36
432,1687,Valient Jakub,0:48:36
433,1447,Štieber Jozef,0:48:37
434,1906,Štefanides Juraj,0:48:38
435,1157,Mirek Matúš,0:48:39
436,1548,Mitz Peter,0:48:40
437,1149,Brezovský Ferdinand,0:48:41
438,1275,Hudek Ronald,0:48:41
439,1383,Repeľ Peter,0:48:41
440,1719,Barán Richard,0:48:41
441,1834,Šajdík Andrej,0:48:42
442,1299,Čepiga Bohuš,0:48:45
443,1137,Molčan Vladimír,0:48:46
444,1404,Palko Slavomír,0:48:47
445,1010,Uzik Jan,0:48:48
446,1151,Hogan Aidan,0:48:48
447,1152,Mcmanus Francis,0:48:49
448,1083,Repasky Gabriel,0:48:50
449,2312,Macko Ondrej,0:48:50
450,1436,Petro Milan,0:48:52
451,1541,Németh Daniel,0:48:53
452,1179,Kočiščin Martin,0:48:54
453,1567,Kušnír Martin,0:48:56
454,1357,Trepka Tomáš,0:48:59
455,1732,Barnaville Chris,0:49:00
456,1772,Piňous Tomáš,0:49:00
457,1931,Dubas Oliver,0:49:00
458,1894,Waage Gustav,0:49:02
459,1304,Jankovič Peter,0:49:03
460,1788,Rataj Adam,0:49:04
461,1893,Waage Raul,0:49:04
462,2274,Achberger Dávid,0:49:04
463,1139,Kucharčík Lukáš,0:49:06
464,1405,Klobošič Branislav,0:49:06
465,1730,Sedlacek Filip,0:49:06
466,1394,Butkay Peter,0:49:07
467,1873,Merta Dušan,0:49:08
468,1853,Keher Karol,0:49:09
469,2576,Smolár Marek,0:49:10
470,1809,Tomčík Jozef,0:49:12
471,1529,Cibuľa Martin,0:49:13
472,1503,Vreštiak Matej,0:49:17
473,1545,Zareva Vladimír,0:49:17
474,2528,Lahky Ondrej,0:49:18
475,1428,Babiš Branislav,0:49:21
476,1847,Toporcer Branislav,0:49:21
477,1864,Malnasi Roman,0:49:22
478,3196,Martonka Peter,0:49:22
479,1003,Ďuraj Stanislav,0:49:24
480,1629,Lehotský Lukáš,0:49:24
481,1495,Sedlák Roman,0:49:26
482,2783,Samuhel Tobiáš,0:49:26
483,1689,Beraxa Matúš,0:49:27
484,1905,Vaľo Pavol,0:49:27
485,1919,Karlovsky Jozef,0:49:27
486,1440,Leitman Jaroslav,0:49:28
487,1936,Mrkvica Miroslav,0:49:28
488,2568,Natafalusi Peter,0:49:28
489,1898,Mačička Slavo,0:49:29
490,2281,Jurčovič Michal,0:49:30
491,2818,Bekeš Martin,0:49:30
492,1500,Čakovsky Vlado,0:49:31
493,1538,Bača Mário,0:49:31
494,1748,Benčík Peter,0:49:31
495,1749,Mruškovič Roman,0:49:31
496,3611,Machyniak Emil,0:49:31
497,1434,Hyll Vladimír,0:49:32
498,1625,Radik Michal,0:49:32
499,2430,Jančovič Ondrej,0:49:34
500,1315,Telepun Martin,0:49:35
501,1560,Ištván Peter,0:49:35
502,1606,Duhl Michal,0:49:36
503,1679,Volčko Vladimír,0:49:37
504,2124,Šimko Peter,0:49:37
505,1755,Černek Martin,0:49:38
506,1960,Ondruš Milan,0:49:40
507,1663,Suroviak Michal,0:49:41
508,1682,Laco Michal,0:49:41
509,1828,Páleník Štefan,0:49:41
510,1701,Lehnert Adrian,0:49:43
511,2249,Košša Martin,0:49:43
512,1534,Šulaj Šimon,0:49:47
513,1162,Peško Filip,0:49:49
514,3356,Kalmár Dávid,0:49:49
515,1842,Janiga František,0:49:50
516,2748,Vojtko Igor,0:49:50
517,1502,Orth Oliver,0:49:51
518,1819,Suvak Marcel,0:49:52
519,1866,Majerčák Ján,0:49:52
520,2270,Slnek David,0:49:52
521,1654,Mokry Martin,0:49:55
522,1981,Čopjan Ľubomír,0:49:55
523,1570,Babiak Tomáš,0:49:56
524,2117,Bojtos Peter,0:49:56
525,1684,Béreš Tomáš,0:49:57
526,1628,Šeba Ivan,0:49:58
527,3256,Starý Petr,0:49:58
528,3362,Veles Michal,0:49:58
529,1465,Fatine Hamid,0:50:00
530,1736,Cirip Marian,0:50:00
531,2276,Sabovčík Róbert,0:50:00
532,2602,Malec Filip,0:50:00
533,1478,Respondek Michał,0:50:01
534,1597,Podstavský Ján,0:50:01
535,2084,Krištan Radoslav,0:50:01
536,2834,Brtoš Adam,0:50:02
537,1466,Lorinc František,0:50:05
538,1849,Štec Martin,0:50:05
539,1496,Baldi Julio Cesar,0:50:06
540,1454,Tóth Roman,0:50:07
541,1820,Bandzuch Lubomir,0:50:07
542,1910,Kurnota Tomáš,0:50:07
543,1857,Székely Ondrej,0:50:08
544,1381,Hudák Kamil,0:50:09
545,1836,Trebuľa Vladimír,0:50:09
546,1535,Borovička Erik,0:50:10
547,1248,Želinský Viktor,0:50:11
548,2162,Zebrowski Maciej,0:50:11
549,1240,Hestera Rado,0:50:12
550,1364,Dekrét Matúš,0:50:12
551,1964,Šebek Peter,0:50:12
552,2318,Čierťažský Michal,0:50:12
553,1452,Kis Lukács,0:50:13
554,1667,Urbanek Zbigniew,0:50:15
555,1816,Medvec Matúš,0:50:17
556,1115,Farkaš Jozef,0:50:19
557,2329,Gallo Milan,0:50:20
558,1476,Vaľa Vladimír,0:50:21
559,1688,Dubiel Marek,0:50:21
560,1674,Ogurčák Michal,0:50:22
561,1031,Balogh Vladimír,0:50:23
562,1903,Novotny Matus,0:50:23
563,1469,Bučo Kamil,0:50:25
564,2561,Jusko Dávid,0:50:25
565,1326,Mikloš Radoslav,0:50:26
566,1665,Lisal Peter,0:50:26
567,1907,Palkovič Martin,0:50:26
568,2569,Rezničák Ján,0:50:26
569,1690,Babej Erik,0:50:27
570,2143,Roháček Pavol,0:50:27
571,1562,Žufaj Matej,0:50:28
572,1585,Baláž Ondrej,0:50:28
573,1792,Potocký Vladislav,0:50:28
574,1156,Sepši Jakub,0:50:29
575,1594,Ferenčík Tomáš,0:50:29
576,1925,Konečný Lubomír,0:50:29
577,1273,Majcher Michal,0:50:30
578,1468,Tatarko Tomáš,0:50:30
579,1807,Lupták Timotej,0:50:30
580,1917,Búza Tibor,0:50:30
581,2142,Griglak Patrik,0:50:30
582,1565,Miček Miroslav,0:50:31
583,1716,Haraga Peter,0:50:31
584,1808,Jelenák Marek,0:50:31
585,2036,Solár Štefan,0:50:31
586,2191,Maďar Slavomír,0:50:31
587,2640,Maďar Marek,0:50:31
588,2953,Fazekaš Jakub,0:50:31
589,3082,Val-Carreres Arino Luis,0:50:31
590,3692,Palčo Jaroslav,0:50:31
591,1319,Kupec Tomáš,0:50:32
592,1494,Pang Chi Kit,0:50:32
593,1599,Gál Peter,0:50:32
594,1695,Javorsky Šimon,0:50:32
595,1940,Vigaš Michal,0:50:32
596,1951,Tesák Lukáš,0:50:32
597,2024,Bielený Jakub,0:50:32
598,2550,Novotný Štefan,0:50:32
599,3697,Palla Peter,0:50:32
600,1222,Barta Marek,0:50:33
601,3487,Laskovský Matúš,0:50:33
602,3711,Jakabovič Pavol,0:50:33
603,1637,Madleňák Tomáš,0:50:34
604,1753,Viczencz Péter,0:50:34
605,1943,Tomko Ľuboš,0:50:34
606,1255,Hanesz Zoltán,0:50:35
607,2132,Kovaľ Tomáš,0:50:35
608,2140,Tomek Lukáš,0:50:35
609,2185,Kováč Jozef,0:50:35
610,1515,Jankola Ján,0:50:36
611,1969,Magdolen Jozef,0:50:36
612,2296,Rožek Jozef,0:50:36
613,2795,Žbodák Martin,0:50:36
614,2843,Múdry Peter,0:50:36
615,1870,Hrubala Richard,0:50:37
616,1876,Hrotek Martin,0:50:37
617,1914,Vitez David,0:50:37
618,2098,Babjak Tomáš,0:50:37
619,2858,Nižník Patrik,0:50:37
620,2981,Zrnčík Patrik,0:50:37
621,1595,Mečiar Viktor,0:50:38
622,1704,Murgaš Martin,0:50:38
623,1781,Kováč Filip,0:50:38
624,1982,Šranko Juraj,0:50:38
625,2034,Beliš Marek,0:50:38
626,2045,Pavlinský Peter,0:50:38
627,2141,Mojžiš Peter,0:50:38
628,2178,Bereš Miroslav,0:50:38
629,2294,Petrikovič Roman,0:50:38
630,2625,Dunaj Jakub,0:50:38
631,3710,Čupka Jakub,0:50:38
632,1708,Havranko Roland,0:50:39
633,1832,Vass Anton,0:50:39
634,1926,Školník Ľubomír,0:50:39
635,2479,Džubara Marian,0:50:39
636,2794,Mižák Bartolomej,0:50:39
637,3022,Čeřovský Karel,0:50:39
638,3318,Širota Marian,0:50:39
639,2079,Sabol Marek,0:50:40
640,2346,Varga Jozef,0:50:40
641,2540,Barvirčák Juraj,0:50:40
642,1775,Kováč Michal,0:50:41
643,1817,Šteták Ján,0:50:41
644,2081,Zboja Samuel,0:50:41
645,1396,Girašek Tomáš,0:50:42
646,1489,Marek Jaromír,0:50:42
647,1754,Pillár Matúš,0:50:42
648,1799,Tomič Dušan,0:50:42
649,1823,Hanták Milan,0:50:42
650,1911,Tišliar Roman,0:50:42
651,1957,Moravek Jan,0:50:42
652,1575,Nosko Igor,0:50:43
653,1782,Jakubčin Miloš,0:50:43
654,2078,Kulich Martin,0:50:43
655,2229,Knutelský Martin,0:50:43
656,1347,Želinský Tomáš,0:50:44
657,1615,Sudor Daniel,0:50:44
658,2388,Dlhý Roman,0:50:44
659,2613,Felšőci Marek,0:50:44
660,2662,Eliáš Martin,0:50:44
661,1448,Smith Rory,0:50:45
662,1635,Tóth Vojtech,0:50:45
663,1934,Vavrúš Lukáš,0:50:45
664,2032,Beczányi Jakub,0:50:45
665,2086,Hubcej Marek,0:50:45
666,1683,Redhammer Michal,0:50:46
667,1883,Florek Jacek,0:50:46
668,2504,Predajňa Radovan,0:50:46
669,1523,Papp Bendegúz Szilárd,0:50:47
670,1557,Iľaš Marián,0:50:47
671,1915,Knížat Peter,0:50:47
672,1678,Štefanko Ondrej,0:50:48
673,1456,Horváth František,0:50:49
674,2157,Fedor Matúš,0:50:49
675,1564,Čipkala Šimon,0:50:50
676,1784,Konečný Krištof,0:50:50
677,2846,Bednár Ladislav,0:50:50
678,1314,Gladiš Ladislav,0:50:51
679,1831,Rybar Marian,0:50:51
680,1778,Laššák Tibor,0:50:52
681,2257,Kabourek Marek,0:50:55
682,2778,Lukáč Matúš,0:50:55
683,1655,Labis Jozef,0:50:57
684,1161,Marinica Alex,0:50:59
685,1306,Sojka Igor,0:50:59
686,2741,Srnánek Vratko,0:50:59
687,3290,Sabo Tomáš,0:50:59
688,1723,Koribský Ladislav,0:51:00
689,2145,Kusnir Milos,0:51:03
690,2042,Babic Ľubomír,0:51:04
691,2144,Beliančín Peter,0:51:04
692,2844,Florovič Ľuboš,0:51:04
693,3105,Malec Juraj,0:51:04
694,1524,Bogár János,0:51:05
695,1835,Medvec Juraj,0:51:06
696,1862,Lacko Lukáš,0:51:06
697,1918,Zhmurko Anton,0:51:08
698,1414,Chandler Thomas,0:51:10
699,2253,Pagurko Martin,0:51:11
700,2397,Kuzman Ľubomír,0:51:12
701,3014,Horváth Tomáš,0:51:12
702,1935,Mičko Juraj,0:51:13
703,3531,Kadlec Peter,0:51:16
704,1653,Štefaník Michal,0:51:17
705,1929,Vansáč Štefan,0:51:18
706,2831,Košč Daniel,0:51:18
707,1712,Valášek Filip,0:51:22
708,2601,Dzurilla Jozef,0:51:22
709,2690,Kočik Bruno,0:51:23
710,2015,Lampert Daniel,0:51:24
711,1608,Belluš Pavol,0:51:26
712,1568,Paryż Dariusz,0:51:27
713,3691,Budynsky Dmytro,0:51:27
714,2065,Fotta Daniel,0:51:29
715,2170,Forro Anton,0:51:30
716,1872,Daniš Miroslav,0:51:33
717,3524,Janovčík Maroš,0:51:33
718,1172,Jánoš Lukaš,0:51:34
719,1605,Tabaka Matúš,0:51:34
720,2163,Malacký Rastislav,0:51:34
721,1458,Herda Patrik,0:51:35
722,1505,Hertl Milan,0:51:35
723,3473,Šaro Erik,0:51:35
724,1573,Čmilanský Peter,0:51:36
725,2310,Bakajsa Maroš,0:51:40
726,1886,Zurian Branislav,0:51:41
727,2088,Čupec Jakub,0:51:41
728,3152,Šlapka Anton,0:51:42
729,1136,Blas Javier,0:51:43
730,2289,Paluch Marcin,0:51:43
731,1431,Baska Jan,0:51:45
732,1485,Žoldoš Patrik,0:51:45
733,2085,Močarník Jakub,0:51:45
734,2377,Kočárik Vladimír,0:51:45
735,1680,Ježík Jakub,0:51:46
736,2250,Jurica Milan,0:51:46
737,1369,Baloga Štefan,0:51:47
738,2066,Gažo Marek,0:51:47
739,2120,Zezůlka Matyáš,0:51:49
740,1516,Hörčik Martin,0:51:50
741,1878,Slamečka Peter,0:51:50
742,2268,Šmida Vladimír,0:51:51
743,2811,Caban Peter,0:51:52
744,2112,Fašánek Ivan,0:51:53
745,2903,Kajan Michal,0:51:53
746,2209,Böhmer Matej,0:51:54
747,3553,Subachus Pavlo,0:51:54
748,3509,Parlagi Martin,0:51:55
749,2532,Maurer Marek,0:51:56
750,1856,Hanšut Matej,0:51:58
751,1938,Kopčan Róbert,0:51:58
752,2063,Bachan Jozef,0:51:58
753,1577,Babinec Juraj,0:51:59
754,1927,Lukáč Matej,0:51:59
755,2073,Sýkora Daniel,0:52:00
756,2272,Zvolánek Maroš,0:52:00
757,1953,Pavlásek Pavel,0:52:01
758,2751,Martinovský Jakub,0:52:01
759,1145,Doka Peter,0:52:02
760,1475,Maciak Matus,0:52:02
761,1634,Kozák Ľuboslav,0:52:02
762,2283,Chlebák Martin,0:52:02
763,3380,Madar Roland,0:52:02
764,3689,Smutny Ivan,0:52:02
765,1699,Salom Portella Luis,0:52:03
766,1880,Fornwald Eric,0:52:03
767,2107,Klučár Tomáš,0:52:03
768,1027,Telepovský Miroslav,0:52:04
769,1422,Bočko Šimon,0:52:04
770,1833,Anderko Samuel,0:52:04
771,2539,Rusnák Filip,0:52:05
772,2727,Šupina Jozef,0:52:05
773,2277,Ňachaj Pavol,0:52:06
774,2962,Papač Ján,0:52:06
775,2221,Gallo Lukas,0:52:08
776,3240,Frkáň Lukáš,0:52:08
777,1868,Brodňanský Martin,0:52:09
778,2148,Brandt Patrik,0:52:11
779,1618,Budai Anton,0:52:13
780,2874,Čurilla Marek,0:52:14
781,1932,Šimoník Milan,0:52:15
782,2950,Demáček Lukáš,0:52:16
783,2038,Perháč Štefan,0:52:17
784,1491,Alex Vladimir,0:52:19
785,1945,Vavrek Pavol,0:52:20
786,1869,Lupták Lukáš,0:52:22
787,2548,Kovács Zsolt,0:52:22
788,1860,Sokol Daniel,0:52:23
789,2752,Sanne Fredrik,0:52:23
790,3693,Rácz Attila,0:52:23
791,2337,Vilček Igor,0:52:26
792,2598,Vančo Šimon,0:52:26
793,2619,Kyšeľa Matúš,0:52:26
794,2484,Rajnič Jakub,0:52:28
795,3357,Bugna Juraj,0:52:28
796,1978,Vanstraelen Laurent,0:52:29
797,1310,Hrivňak Vladimir,0:52:30
798,1482,Szabo Ladislav,0:52:30
799,1547,Jendzelovsky Peter,0:52:30
800,1942,Schneefeld Peter,0:52:31
801,3244,Ferko Michal,0:52:31
802,1740,Stofko Erik,0:52:32
803,1959,Němec Radek,0:52:32
804,1550,Baňas Ján,0:52:33
805,2269,Kolačan Ivan,0:52:34
806,1242,Lipták Martin,0:52:36
807,1630,Rumiantsau Eduard,0:52:37
808,1059,Szaniszló Radoslav,0:52:38
809,1423,Auret Raphi,0:52:38
810,2427,Albert Radwan,0:52:38
811,1644,Paľo Ján,0:52:39
812,1511,Blicha Stefan,0:52:40
813,1763,Zdechovan Vladimír,0:52:41
814,1312,Naylor Mark,0:52:42
815,1844,Polák Gabriel,0:52:42
816,1737,Jaššo Jozef,0:52:43
817,1586,Tomek Tomáš,0:52:44
818,2009,Jančura Matúš,0:52:44
819,2777,Németh Dávid,0:52:44
820,1955,Abaffy Peter,0:52:45
821,2056,Bower Daniel,0:52:45
822,1499,Szimeth Viktor,0:52:46
823,1760,Petlach Richard,0:52:48
824,1881,Papic Goran,0:52:48
825,1888,Petrovič Adam,0:52:48
826,2327,Runák Norbert,0:52:49
827,2531,Vaško Anton,0:52:49
828,2016,Gramblicka Michal,0:52:50
829,1129,Kubala Pavol,0:52:52
830,2014,Mrowiec Piotr,0:52:53
831,2666,Páltik Juraj,0:52:54
832,1514,Mišiak Michal,0:52:55
833,2194,Leitner Andrej,0:52:58
834,2680,Ferdinandy Maroš,0:52:59
835,2771,Kurina Martin,0:52:59
836,2633,Čertík Štefan,0:53:00
837,3407,Zelenák Benedikt,0:53:01
838,2757,Lazorík Martin,0:53:02
839,1044,Polák Vladimír,0:53:04
840,2189,Kostík Miloš,0:53:04
841,1913,Móder Roland,0:53:06
842,1786,Tatrai Robert,0:53:09
843,1727,Machlica Peter,0:53:10
844,1517,Adam Jakub,0:53:11
845,1813,Fojtik Milan,0:53:11
846,3371,Ščípa Peter,0:53:11
847,1596,Holej Peter,0:53:15
848,2878,Vaňko Marián,0:53:16
849,3121,Diossy Norbert,0:53:17
850,1506,Frický Vlado,0:53:21
851,1891,Šulík Miroslav,0:53:21
852,1889,Ondreák Tibor,0:53:22
853,1901,Weidinger Zsolt,0:53:22
854,1895,Jurči Milan,0:53:23
855,1900,Sasvári Gábor,0:53:23
856,2941,Mathes Jozef,0:53:23
857,1320,Mrázko Rastislav,0:53:24
858,2301,Kember James,0:53:25
859,3340,Žigmund Alex,0:53:25
860,1937,Lovič Stanislav,0:53:27
861,2288,Vrbenský Ľubomír,0:53:27
862,1640,Jaco Peter,0:53:28
863,2870,Benik Marcel,0:53:28
864,3201,Mitinko Martin,0:53:29
865,1829,Košalko Juraj,0:53:30
866,2147,Grega Jozef,0:53:30
867,2474,Ivan Lukáš,0:53:31
868,2658,Borovsky Martin,0:53:32
869,2201,Frolík Stanislav,0:53:36
870,2516,Ilavský Dušan,0:53:38
871,2549,Liščinský Pavol,0:53:38
872,2058,Sládeček Igor,0:53:41
873,2485,Matiašovič Ľubomír,0:53:42
874,2775,Mravec Lukáš,0:53:42
875,1647,Fujala Róbert,0:53:43
876,2433,Šarafín Vladimír,0:53:43
877,3699,Košťál Tomáš,0:53:43
878,1766,Galfy Ondrej,0:53:44
879,2080,Oravec Jakub,0:53:44
880,2230,Šidlovský Ľubomír,0:53:44
881,2546,Bukatovič Martin,0:53:44
882,1464,Mandúch Ján,0:53:45
883,1556,Bobrik Adam,0:53:45
884,1579,Petreje Martin,0:53:45
885,1848,Grejták Dávid,0:53:45
886,1973,Markoš Dominik,0:53:45
887,1877,Beňa Miroslav,0:53:46
888,2002,Černický Milan,0:53:46
889,2048,Majerovic Stanislav,0:53:46
890,2487,Krisko Vladimir,0:53:46
891,2762,Garbiar Michal,0:53:46
892,3266,Cebecaver Martin,0:53:46
893,1947,Belianský Anton,0:53:47
894,2130,Benek Oliver,0:53:47
895,3057,Nemec Andrej,0:53:47
896,3251,Irmler Peter,0:53:47
897,3307,Foltín Tomáš,0:53:47
898,1970,Kováč Patrik,0:53:48
899,2095,Kráľ Ľuboš,0:53:48
900,2258,Petrišin Ĺuboslav,0:53:48
901,2284,Čerňanský Rastislav,0:53:48
902,1572,Baška Tomáš,0:53:49
903,1794,Suliga Jarosław,0:53:49
904,2435,Ramirez Castulo,0:53:49
905,2580,Leško Martin,0:53:49
906,2833,Bodnár Samuel,0:53:49
907,2883,Michalec Pavol,0:53:49
908,3695,Vnučko Martin,0:53:49
909,1591,Cedzo Andrej,0:53:50
910,1643,Hudec Vladimír,0:53:50
911,2020,Toma Štefan,0:53:50
912,2028,Luhový Pavol,0:53:50
913,1721,Hladniš Juraj,0:53:51
914,2031,Demko Štefan,0:53:51
915,2213,Zaczek Tomasz,0:53:51
916,2347,Vysokai Adam,0:53:51
917,2287,Jurčík Ján,0:53:52
918,2512,Pizur Martin,0:53:52
919,2813,Čumpelík Rudolf,0:53:52
920,3102,Rafaj Lubos,0:53:52
921,1824,Jakuš Tadeáš,0:53:53
922,2891,Reisel Milan,0:53:53
923,3177,Valachovič Marián,0:53:53
924,2180,Kožurík David,0:53:54
925,2830,Gonda Robert,0:53:54
926,3300,Minďaš Michal,0:53:54
927,1646,Zustiak Vladimír,0:53:55
928,1811,Centko Martin,0:53:55
929,2055,Baňanka Jozef,0:53:55
930,2220,Kováč Branislav,0:53:55
931,3654,Moščovič Ivan,0:53:55
932,1966,Koiš Miroslav,0:53:57
933,2259,Dano Dominik,0:53:57
934,2340,Konecny Peter,0:53:57
935,2685,Beňo Matej,0:53:57
936,1641,Surovský Ján,0:53:58
937,1874,Majiroš Daniel,0:53:58
938,2235,Riška Michal,0:53:58
939,2696,Kuzmiak Filip,0:53:58
940,3028,Milán Norbert,0:53:58
941,3167,Melech Roman,0:53:58
942,1698,Schmidt Ivan,0:53:59
943,2083,Zaleha Peter,0:53:59
944,2623,Hankovský Adam,0:53:59
945,2792,Strmeň Tomáš,0:53:59
946,2796,Petrán František,0:53:59
947,3188,Hanzlík Tomáš,0:53:59
948,1632,Habán Dušan,0:54:00
949,2068,Lelkes Štefan,0:54:00
950,2234,Vyšín Stanislav,0:54:00
951,1818,Orlovský Michal,0:54:01
952,1410,Bazala Jozef,0:54:02
953,1902,Čižmár Peter,0:54:02
954,2254,Chromek Daniel,0:54:02
955,2746,Lindvai Roman,0:54:02
956,2242,Holeš Martin,0:54:05
957,2797,Hornáček Daniel,0:54:06
958,1885,Tritscher Markus,0:54:07
959,2165,Grejták Miroslav,0:54:07
960,1621,Stavač Milan,0:54:13
961,2353,Sobek František,0:54:13
962,2463,Bagi Patrik,0:54:13
963,2936,Bezák Jozef,0:54:15
964,2181,Jenčo Ján,0:54:18
965,2227,Szikora Pavol,0:54:23
966,3286,Leskovjanský Juraj,0:54:23
967,2612,Rešovský Martin,0:54:24
968,1626,Skukauskas Mindaugas,0:54:25
969,2196,Harkabuzík Michal,0:54:25
970,2033,Dovala Adrian,0:54:26
971,2314,Hudec Michal,0:54:26
972,2204,Grečko Blažej,0:54:29
973,2273,Fabián Jozef,0:54:29
974,2854,Sabol Marian,0:54:29
975,2585,Arvai Martin,0:54:31
976,2934,Bučo Jakub,0:54:31
977,2649,Kardoš Marek,0:54:34
978,1779,Šipoš Ondrej,0:54:37
979,2829,Vlček Jakub,0:54:38
980,1580,Kapko Tomáš,0:54:39
981,3704,Babjak Vladislav,0:54:42
982,1827,Matta Marcel,0:54:43
983,2710,Obeda Vladislav,0:54:44
984,3049,Kočiš František,0:54:45
985,2842,Uhrínek Marcus,0:54:46
986,2138,Jáchim Lukáš,0:54:47
987,2859,Yokoyama Teruaki,0:54:47
988,1267,Pagáč Adam,0:54:48
989,2490,Tirpak Matuš,0:54:48
990,1746,Holinka Aleš,0:54:50
991,2753,Timko Michal,0:54:50
992,1613,Heglas Ladislav,0:54:52
993,2868,Kriška Pavel,0:54:52
994,3189,Daniel Stanislav,0:54:53
995,1272,Kvoch Daniel,0:54:54
996,1624,Laincz Lukáš,0:54:58
997,1696,Štedl Martin,0:54:58
998,2864,Pitonak Michal,0:54:58
999,2376,Hajduček Peter,0:54:59
1000,1301,Slaminka Daniel,0:55:00
1001,2856,Molčan Jakub,0:55:01
1002,2766,Lobotka Peter,0:55:02
1003,2888,Figura Richard,0:55:03
1004,2315,Nemec Martin,0:55:04
1005,2756,Toth Gabor,0:55:04
1006,2803,Komloš Pavol Alexander,0:55:05
1007,3119,Remenár Mário,0:55:05
1008,2351,Bodnár Marcel,0:55:06
1009,1963,Terpák Martin,0:55:09
1010,2125,Fecko Slavomir,0:55:09
1011,2064,Dinuš Oleg,0:55:10
1012,2102,Špilár Peter,0:55:10
1013,1980,Klimek Štefan,0:55:11
1014,1983,Kukura Peter,0:55:11
1015,2090,Jaššo Ľubomír,0:55:13
1016,2893,Hudcovský Marián,0:55:15
1017,2176,Tolonen Lasse,0:55:16
1018,2186,Mortimore Benjamin,0:55:16
1019,2527,Kuriščák Erik,0:55:16
1020,2852,Kušnír Tadeáš,0:55:16
1021,2108,Mich Pavel,0:55:17
1022,2183,Korček Matej,0:55:17
1023,2368,Hadbavný Dávid,0:55:17
1024,2103,Zeľo Rudolf,0:55:19
1025,2129,Kozar Jan,0:55:19
1026,2116,Kopecki Andrzej,0:55:20
1027,2847,Kožienka Andrej,0:55:20
1028,1706,Hupka Peter,0:55:21
1029,2006,Soos Adam,0:55:21
1030,3146,Svepeš Jaroslav,0:55:21
1031,2139,Kriška Ján,0:55:23
1032,2333,Iľko Filip,0:55:23
1033,2334,Iľko Miroslav,0:55:24
1034,2614,Verčimák Daniel,0:55:24
1035,2768,Tomáš Pavel,0:55:24
1036,3694,Straka Miroslav,0:55:25
1037,1444,Hrdina Peter,0:55:26
1038,2146,Fazekaš Patrik,0:55:26
1039,3173,Fiala Jakub,0:55:26
1040,1968,Bohács Tomáš,0:55:27
1041,2298,Gič Martin,0:55:27
1042,2023,Michalov Ján,0:55:28
1043,2222,Kočan Peter,0:55:28
1044,2355,Sabolčík Miroslav,0:55:28
1045,2990,Kulkovský Peter,0:55:28
1046,1715,Džujka Dominik,0:55:30
1047,2092,Kocák Adrián,0:55:31
1048,2300,Mlýnek Peter,0:55:34
1049,2075,Bohuš Ján,0:55:35
1050,1582,Hrivňák Filip,0:55:36
1051,1815,Šalata Martin,0:55:36
1052,1950,Hodossy Péter,0:55:39
1053,2003,Martinkovic Peter,0:55:39
1054,3360,Balog Pavol,0:55:39
1055,2011,Mišenčik Vladimír,0:55:40
1056,2051,Fürek Filip,0:55:40
1057,2558,Mikolaj Lukáš,0:55:40
1058,2025,Milovník Pranjal,0:55:41
1059,3260,Záhumenský Michal,0:55:41
1060,1962,Katuščák Boris,0:55:43
1061,2860,Jakubjak Anton,0:55:43
1062,2114,Helík Lukáš,0:55:44
1063,2634,Dula Ivan,0:55:44
1064,2218,Mikulaj Matúš,0:55:45
1065,2159,Mihok Tomáš,0:55:47
1066,2665,Rusňák Dušan,0:55:48
1067,2087,Hozza Jaroslav,0:55:49
1068,2411,Kusnirik Stefan,0:55:49
1069,3247,Brezniak Ivan,0:55:49
1070,2363,Kliment Miloš,0:55:50
1071,2150,Balaščák Pavol,0:55:52
1072,2402,Burkert Marcel,0:55:55
1073,2415,Fertál Branislav,0:55:57
1074,2093,Valentovič Peter,0:55:58
1075,2815,Molnár Tomáš,0:55:58
1076,1691,Križan Tomáš,0:55:59
1077,2529,Gašpar Radovan,0:55:59
1078,2556,Babulic Marek,0:55:59
1079,3442,Ďuráči Ján,0:55:59
1080,2386,Ďuračka Milan,0:56:00
1081,2406,Kajánek Daniel,0:56:00
1082,1803,Jaško Ľuboš,0:56:01
1083,1028,Slatkovský Jozef,0:56:02
1084,1802,Bernard Adam,0:56:03
1085,2247,Kováč Michal,0:56:03
1086,2400,Oboňa Jozef,0:56:04
1087,2590,Hrtánek Dalibor,0:56:04
1088,3008,Baťo Jaroslav,0:56:04
1089,3073,Gregúrek Ľubomír,0:56:06
1090,3422,Kormaník Matúš,0:56:06
1091,2275,Gončar Jiří,0:56:07
1092,2591,Štofanik Pavol,0:56:07
1093,1574,Ovečka Radovan,0:56:08
1094,2325,Kormaník Tomáš,0:56:08
1095,2344,Kačmár Adam,0:56:09
1096,2652,Fogaraš Patrik,0:56:09
1097,2983,Hrabovský Anton,0:56:09
1098,2049,Kubinec Miroslav,0:56:10
1099,2880,Nemešany Peter,0:56:10
1100,3072,Osúch Marián,0:56:10
1101,1985,Jakubócy Igor,0:56:11
1102,2160,Kaščák Rastislav,0:56:11
1103,2039,Augustiňák Peter,0:56:12
1104,2949,Iglovský Damián,0:56:12
1105,3163,Bubeník Martin,0:56:12
1106,1975,Ferencz Gabriel,0:56:13
1107,3019,Zsélyi Zoltán,0:56:16
1108,3209,Pipoly Tibor,0:56:16
1109,2808,Gizycki Damian,0:56:17
1110,1830,Maryniok Adam,0:56:18
1111,3085,Kačaliak Tomáš,0:56:18
1112,2203,Škvarek Jakub,0:56:19
1113,2620,Roziak Filip,0:56:20
1114,2881,Slezák Jozef,0:56:20
1115,3053,Kaľavský Tomáš,0:56:21
1116,3326,Arbeit Vilem,0:56:21
1117,2005,Szakszon Róbert,0:56:22
1118,2089,Vašák Peter,0:56:24
1119,2518,Gale Carl,0:56:24
1120,2764,Makara Pavol,0:56:24
1121,2297,Repko Peter,0:56:25
1122,2725,Hoferica Viliam,0:56:25
1123,1720,Háčik Radoslav,0:56:26
1124,1791,Valentko Juraj,0:56:26
1125,1756,Slota Kristián,0:56:27
1126,2052,Kicka Mateusz,0:56:27
1127,2853,Bartuš Dávid,0:56:27
1128,2022,Briškovič Miloš,0:56:28
1129,2282,Kraslan Miloš,0:56:28
1130,2909,Libič Michal,0:56:28
1131,2952,Kmiť Štefan,0:56:28
1132,2820,Neupauer Štefan,0:56:29
1133,3075,Šimončík Daniel,0:56:29
1134,3126,Márkus Nikolas,0:56:29
1135,2153,Komár Pavol,0:56:30
1136,2416,Kotus Marek,0:56:32
1137,2632,Hanušniak Vladimír,0:56:32
1138,2646,Lovíšek Martin,0:56:33
1139,2839,Dolniak Ján,0:56:33
1140,2286,Samoľ Michal,0:56:34
1141,2838,Roškar Dejan,0:56:34
1142,2872,Pytliak Marek,0:56:34
1143,1159,Novotný Luboš,0:56:35
1144,2155,Lauko Stanislav,0:56:36
1145,1636,Kučera Cyprián,0:56:37
1146,1958,Katuščák Miron,0:56:37
1147,2137,Daňko Mário,0:56:38
1148,1717,Svoboda Martin,0:56:40
1149,1744,Havrila Patrik,0:56:40
1150,2743,Bača Štefan,0:56:40
1151,3581,Olejka Igor,0:56:40
1152,2164,Macej Michal,0:56:41
1153,2499,Kovalčik Oliver,0:56:44
1154,2547,Šoth Filip,0:56:44
1155,1858,Petrenka Dušan,0:56:45
1156,2973,Kapustik Juraj,0:56:48
1157,2779,Šuška Peter,0:56:50
1158,2440,Roško Martin,0:56:51
1159,2179,Ološtiak Martin,0:56:52
1160,2278,Dobrovodsky Marek,0:56:52
1161,2517,Krišanda Nikolas,0:56:52
1162,2443,Gemzický Erik,0:56:53
1163,2211,Vikartovsky Andrej,0:56:54
1164,2976,Laclavík Róbert,0:56:54
1165,3683,Fay Louis,0:56:54
1166,2019,Brisuda Miroslav,0:56:55
1167,2459,Krivosudský Marián,0:56:55
1168,3116,Sviták Pavel,0:56:55
1169,2335,Peregrim Ján,0:56:56
1170,3303,Králik Radoslav,0:56:56
1171,2177,Mrázik Dominik,0:56:57
1172,3363,Barák Dominik,0:56:57
1173,1539,Gustafik Maroš,0:56:58
1174,2231,Jeřábek Jan,0:56:58
1175,3624,Gustafik Pavol,0:56:58
1176,2208,Tima Marián,0:56:59
1177,2798,Švigár Ľubomír,0:57:00
1178,2907,Droppa Rastislav,0:57:00
1179,2507,Kaščák Michal,0:57:01
1180,3172,Tabaka Miroslav,0:57:01
1181,3038,Majeik Matej,0:57:02
1182,2562,Obsitnik James,0:57:03
1183,2765,Bejda Lukáš,0:57:04
1184,2018,Spodniak Patrik,0:57:06
1185,2371,Altof Peter,0:57:06
1186,2190,Mokriš Ján,0:57:07
1187,2483,Behun Peter,0:57:07
1188,2754,Adamec Sebastián,0:57:07
1189,3142,Šnajder Jozef,0:57:07
1190,1342,Michalec Branislav,0:57:08
1191,2460,Kalina Peter,0:57:08
1192,3245,Volčko Roland,0:57:08
1193,1474,Vaško Peter,0:57:09
1194,3235,Dovec Ján,0:57:09
1195,1954,Uzunovic Almir,0:57:10
1196,3566,Sirak Radosalv,0:57:10
1197,2161,Blaško Marián,0:57:11
1198,2944,Gulyás Ferenc,0:57:11
1199,2322,Borkovič Pavol,0:57:12
1200,2444,Kubík Ľubomír,0:57:12
1201,2970,Hrdina Jakub,0:57:12
1202,3382,Dzurňák Daniel,0:57:12
1203,3554,Lichvár Richard,0:57:12
1204,1705,Hodor Maroš,0:57:13
1205,2367,Takáč Filip,0:57:13
1206,2053,Vajdel Radoslav,0:57:15
1207,2060,Komjaty Matúš,0:57:15
1208,2311,Michalak Krisztian,0:57:15
1209,2984,Čupka Róbert,0:57:15
1210,1707,Polakovic David,0:57:16
1211,2365,Horn Ľubor,0:57:17
1212,2447,Caneilles Didier,0:57:17
1213,2564,Belák Dušan,0:57:17
1214,1652,Sova Matej,0:57:18
1215,2266,Čech Tomáš,0:57:18
1216,2948,Hanzlík Lukáš,0:57:19
1217,3366,Petruš Maroš,0:57:19
1218,2704,Enderle Juraj,0:57:20
1219,2285,Paulik Miroslav,0:57:21
1220,2359,Čelko Peter,0:57:21
1221,2542,Gromovský Pavel,0:57:21
1222,2425,Haluška Radovan,0:57:22
1223,2686,Rózsa Alexander,0:57:22
1224,2963,Petrek Jaroslav,0:57:22
1225,2567,Vasko Lukáš,0:57:24
1226,2986,Jurčo Peter,0:57:24
1227,2348,Ladányi Erik,0:57:25
1228,2969,Poník Patrik,0:57:25
1229,1879,Šoltés Peter,0:57:26
1230,2328,Kibko Cyril,0:57:26
1231,2349,Möhwald Albert,0:57:26
1232,3009,Popovič Martin,0:57:26
1233,1787,Spišák Vojto,0:57:30
1234,2321,Jakubec Radoslav,0:57:30
1235,2413,Kaprinai Ladislav,0:57:32
1236,2432,Gregor Radovan,0:57:34
1237,3355,Šútor Peter,0:57:34
1238,3055,Telepovský Erik,0:57:35
1239,3602,Drinka Rudolf,0:57:35
1240,1633,Hudák Adam,0:57:36
1241,1651,Hrivňák Samuel,0:57:36
1242,2422,Koniar Jozef,0:57:36
1243,1631,Petro Rafael,0:57:37
1244,2128,Dien Ján,0:57:37
1245,2467,Ľubušký Michal,0:57:37
1246,2452,Simko Severin,0:57:38
1247,2648,Štetina Jakub,0:57:38
1248,2932,Valentko Erik,0:57:38
1249,3081,Pelikán Rudolf,0:57:38
1250,1144,Šoltýs Milan,0:57:39
1251,1840,Luhový Marcel,0:57:39
1252,2323,Ženčuch Peter,0:57:39
1253,2651,Jaroš Pavol,0:57:39
1254,2693,Verrico Paul,0:57:39
1255,1861,Körtvélyesi Peter,0:57:40
1256,2332,Kolembus Krištof,0:57:40
1257,2589,Saxa Šimon,0:57:40
1258,2826,Paštinský Peter,0:57:41
1259,1601,Kurian Matúš,0:57:42
1260,2393,Fekete Peter,0:57:42
1261,2980,Smida Peter,0:57:42
1262,3475,Martiček Marián,0:57:42
1263,1243,Hajzuk Július,0:57:43
1264,1285,Turóczy Vojtech,0:57:43
1265,1569,Lenner Andrej,0:57:43
1266,2240,Dian Patrik,0:57:43
1267,2714,Lichy Lukas,0:57:43
1268,2988,Boldižár Tomáš,0:57:43
1269,3003,Švondrk Samuel,0:57:43
1270,1561,Štieber Peter,0:57:44
1271,1949,Vico Ľuboslav,0:57:44
1272,2232,Domovec Pavol,0:57:44
1273,2399,Maťovčík Martin,0:57:44
1274,2559,Rajnec Jakub,0:57:44
1275,2760,Li Liangwei,0:57:44
1276,2841,Enekes Balint,0:57:44
1277,2534,Szabó Hugo,0:57:45
1278,2692,Salonna Ferdinand,0:57:45
1279,2044,Šimončík Tomáš,0:57:46
1280,2210,Cisárik Tomáš,0:57:46
1281,2807,Kasman Filip,0:57:46
1282,2835,Kozel Tomas,0:57:46
1283,3696,Bukovčan Patrik,0:57:46
1284,2244,Zúbrik Michal,0:57:47
1285,2343,Pištej Dávid,0:57:47
1286,2379,Matta Patrik,0:57:47
1287,2445,Peško Boris,0:57:47
1288,2574,Szűrös Štefan,0:57:47
1289,2687,Haborák Lukáš,0:57:47
1290,2817,Mihaľko Milan,0:57:47
1291,2946,Nagy Vojtech,0:57:47
1292,3702,Verdon Richard,0:57:47
1293,1323,Ivancso Béla,0:57:48
1294,2188,Zuberník Śtefan,0:57:48
1295,2342,Vacula Miroslav,0:57:48
1296,2451,Bobrík Adrian,0:57:48
1297,2851,Laczják Sándor,0:57:48
1298,2871,Trojčák Martin,0:57:48
1299,3120,Žampa Martin,0:57:48
1300,1461,Steinhübl Jozef,0:57:49
1301,2814,Adamkovič Martin,0:57:49
1302,2822,Lorinc Viliam,0:57:49
1303,3048,Rokytka Roman,0:57:49
1304,3062,Hnidenko Kevin,0:57:49
1305,3107,Matta Patrik,0:57:49
1306,3124,Gašpar Erik,0:57:49
1307,2357,Čižmár Slavo,0:57:50
1308,2560,Šofranko Peter,0:57:50
1309,2861,Škurla Jakub,0:57:50
1310,2293,Krigovský Karol,0:57:51
1311,2436,Miháľ Jakub,0:57:51
1312,2472,Hrabčák Marek,0:57:51
1313,3528,Rončák Marek,0:57:51
1314,2295,Chocholáček Marián,0:57:52
1315,2863,Kucman Roman,0:57:52
1316,2947,Martiček Matej,0:57:52
1317,3214,Behun Martin,0:57:52
1318,2110,Buckulčík Ľudovít,0:57:53
1319,2599,Kolesár Štefan,0:57:53
1320,2781,Maďar Miroslav,0:57:53
1321,2448,Kundrat Marián,0:57:54
1322,2495,Gríger Tomáš,0:57:54
1323,2557,Wartiak Peter,0:57:54
1324,2663,Gyömbér Attila,0:57:54
1325,1403,Kowalski Artur,0:57:55
1326,2675,Macko Matej,0:57:55
1327,2786,Kičin Viliam,0:57:55
1328,2951,Madzin Matej,0:57:55
1329,1583,Mraznica Jaromír,0:57:56
1330,1660,Tajblik Rastislav,0:57:56
1331,2168,Falat Jakub,0:57:56
1332,2330,Ganaj Slavko,0:57:56
1333,2077,Tyko Samuel,0:57:57
1334,2711,Laciňák Jozef,0:57:57
1335,2394,Ovečka Stanislav,0:57:58
1336,2957,Valiga Lukáš,0:57:58
1337,2171,Filčák Matej,0:57:59
1338,2449,Hyža Ivan,0:57:59
1339,1846,Wiernasz Grzegorz,0:58:00
1340,2302,Snopek Martin,0:58:01
1341,2350,Oravec Dusan,0:58:01
1342,3064,Kobylan Pavol,0:58:01
1343,3698,Belcák Marián,0:58:01
1344,1771,Lucák Otakar,0:58:02
1345,2575,Englich Ján,0:58:02
1346,2496,Sinčák Maroš,0:58:03
1347,1977,Dugas Samuel,0:58:04
1348,2694,Gula Peter,0:58:04
1349,2921,Lazorik Tomáš,0:58:04
1350,1664,Sciranko Jozef,0:58:05
1351,2869,Málik Miroslav,0:58:05
1352,1253,Priehoda Robert,0:58:06
1353,3510,Mazán Martin,0:58:06
1354,2410,Macháček Július,0:58:08
1355,2904,Sokolovský Oto,0:58:09
1356,3571,Rakoci Martin,0:58:09
1357,3065,Čermák Patrik,0:58:11
1358,2723,Budinský Jozef,0:58:12
1359,3061,Bandzi Igor,0:58:12
1360,2664,Genšiniak Dávid,0:58:13
1361,2424,Sabo Miroslav,0:58:14
1362,2609,Ďuriš Matej,0:58:14
1363,2890,Fidler Peter,0:58:14
1364,2043,Napiorkowski Adam,0:58:15
1365,2605,Brestovský Adam,0:58:15
1366,3253,Báleš Denis,0:58:17
1367,3548,Krídlo Ondrej,0:58:18
1368,2104,Sabol Róbert,0:58:19
1369,2369,Hoza Štefan,0:58:19
1370,2126,Mikola Ákos,0:58:20
1371,2390,Tužinčin Ján,0:58:20
1372,2763,Harčár Matúš,0:58:20
1373,3217,Mikloš Martin,0:58:20
1374,3575,Pastorek Stanislav,0:58:21
1375,2641,Lietavec Miroslav,0:58:27
1376,3115,Strapko Michal,0:58:29
1377,3396,Prokopec Peter,0:58:30
1378,3410,Karcol Albín,0:58:30
1379,2396,Tapak Martin,0:58:31
1380,2706,Rodriguez Sarmiento Alvaro Eduardo,0:58:32
1381,3101,Pacera Marek,0:58:34
1382,3110,Špak Daniel,0:58:36
1383,3613,Červeňák Ľuboslav,0:58:36
1384,3700,Pavúk Patrik,0:58:36
1385,3109,Szőke Peter,0:58:41
1386,3485,Pánik Pavol,0:58:41
1387,2215,Mecele Jozef,0:58:43
1388,1890,Imling Jan,0:58:45
1389,2629,Šugarek Dávid,0:58:47
1390,3153,Šimco Jakub,0:58:47
1391,2320,Pjaták Samuel,0:58:48
1392,2407,Krett Ján,0:58:48
1393,3250,Hort Pavol,0:58:48
1394,1270,Nižňan Andrej,0:58:50
1395,3319,Vieira Aderbal,0:58:50
1396,2728,Švec Tomáš,0:58:51
1397,2965,Krajčovič Peter,0:58:51
1398,2908,Eliaš Milan,0:58:52
1399,2383,Seman Ivan,0:58:55
1400,2930,Belzar Jakub,0:58:57
1401,3117,Kovalčík Vladimír,0:58:57
1402,2673,Babál Marcel,0:58:58
1403,2071,Závatzký Lukáš,0:58:59
1404,2385,Klačan Rastislav,0:58:59
1405,2206,Rampáček Róbert,0:59:01
1406,3376,Hric Miroslav,0:59:03
1407,3004,Špišák Vojtech,0:59:05
1408,2111,Perát Marcel,0:59:07
1409,2827,Kolesár Daniel,0:59:07
1410,2439,Jánošík Vladimír,0:59:08
1411,3390,Mazán Juraj,0:59:08
1412,1098,Kuchta Marek,0:59:09
1413,1593,Kohulák Oto,0:59:10
1414,3383,Hajzer Juraj,0:59:11
1415,1671,Włoch Sławomir,0:59:13
1416,2216,Štefanec Peter,0:59:13
1417,3428,Solár Tomáš,0:59:13
1418,2974,Horvát Peter,0:59:15
1419,2535,Pacovský Martin,0:59:19
1420,2884,Jusko Jozef Mário,0:59:20
1421,2885,Hurtuk Eduard,0:59:20
1422,2202,Mačák Kristián,0:59:25
1423,3170,Kotlár Maroš,0:59:25
1424,3054,Bujňák Ján,0:59:27
1425,3379,Holinga Dušan,0:59:27
1426,3549,Gereg Pavol,0:59:28
1427,2094,Richvalský Martin,0:59:29
1428,3158,Flam Lukáš,0:59:29
1429,2701,Kertis Jakub,0:59:30
1430,2618,Fába Florián,0:59:31
1431,2774,Lukáč Leonard,0:59:31
1432,2729,Kertis Šimon,0:59:32
1433,2731,Juhaščik Jonatan,0:59:32
1434,2916,Kundračik Miroslav,0:59:33
1435,2195,Makky Jozef,0:59:34
1436,2578,Petrovič Matej,0:59:36
1437,2922,Michalčín Jakub,0:59:36
1438,2054,Kupec Michal,0:59:37
1439,3403,Prna Erik,0:59:40
1440,1451,Wszołek Łukasz,0:59:41
1441,1676,Macinský Peter,0:59:42
1442,3439,Kurnota Marek,0:59:42
1443,2263,Baloga Štefan,0:59:43
1444,2303,Fotta Rastislav,0:59:44
1445,2313,Fac Mateusz,0:59:44
1446,3150,Jedlák Martin,0:59:44
1447,2702,Stanislavský Stanislav,0:59:45
1448,2246,Zribko Jakub,0:59:46
1449,3045,Yerram Sahan,0:59:48
1450,1037,Chrenka Jozef,0:59:49
1451,3278,Csukás Ladislav,0:59:49
1452,2082,Betka Michal,0:59:51
1453,2336,Mihálka Roman,0:59:51
1454,3046,Kumbum Prabhav,0:59:51
1455,2554,Fučko Ladislav,0:59:52
1456,2737,Tomaško Martin,0:59:53
1457,2736,Kováč Tomáš,0:59:54
1458,2466,Horváth Juraj,0:59:56
1459,3302,Tresa Branislav,0:59:56
1460,2345,Foriš Timotej,0:59:57
1461,3181,Sakmár Silvester,0:59:57
1462,2408,Slovak Martin,0:59:58
1463,2588,Bugna Ľuboš,0:59:59
1464,3421,Gerda Richard,0:59:59
1465,2806,Cironis Adam,1:00:01
1466,3032,Krupa Ondrej,1:00:01
1467,3337,Frederic Walter,1:00:01
1468,2482,Šlosar Matej,1:00:02
1469,3299,Dugovič Jozef,1:00:03
1470,2551,Domaracký Marek,1:00:04
1471,2061,Pastorčák Pavol,1:00:07
1472,2105,Juhász Gabriel,1:00:07
1473,3502,Dubravec Augustin,1:00:07
1474,1623,Jacko Frantisek,1:00:08
1475,2536,Kuruc Michal,1:00:08
1476,3218,Babečka Samuel,1:00:08
1477,3687,Balog Tomáš,1:00:08
1478,1552,Kulík Elo,1:00:09
1479,1904,Adam Vladimír,1:00:09
1480,3210,Kašper Peter,1:00:09
1481,3501,Tomaško Stefan,1:00:09
1482,3503,Dubravec Robert,1:00:09
1483,3705,Řízek Marek,1:00:09
1484,2724,Záchenský Dávid,1:00:10
1485,1747,Kiraľvarga Pavol,1:00:11
1486,2537,Jurek Samuel,1:00:11
1487,3274,Gazik Andrej,1:00:11
1488,2511,Krištof Marek,1:00:12
1489,2691,Vašaš Štefan,1:00:12
1490,3308,Papp Miloš,1:00:12
1491,3365,Jacko Peter,1:00:13
1492,2688,Hyben Michal,1:00:14
1493,3311,Duda Filip,1:00:14
1494,3169,Boris František,1:00:15
1495,3392,Čupka Rastislav,1:00:15
1496,3563,Rodný Jozef,1:00:15
1497,3688,Batovanja Marko,1:00:15
1498,2705,Ferdinand Marek,1:00:16
1499,3264,Šestina Richard,1:00:16
1500,3088,Sirák Alfonz,1:00:17
1501,2572,Chudý Maroš,1:00:19
1502,2821,Magdiak Peter,1:00:19
1503,3132,Štefek Peter,1:00:19
1504,3246,Gálik Stanislav,1:00:19
1505,2593,Petrikovič Milan,1:00:20
1506,2703,Gazdík Timotej,1:00:20
1507,1892,Vavrek Filip,1:00:21
1508,2935,Marschall Filip,1:00:21
1509,3370,Balún Peter,1:00:22
1510,2670,Ziegler Leonhard,1:00:23
1511,3127,Sadák Peter,1:00:23
1512,3314,Schmid Jonathan,1:00:23
1513,3342,Korim Lukáš,1:00:23
1514,2420,Kovac Martin,1:00:24
1515,2713,Andoga Vladimír,1:00:24
1516,3401,Greško Miroslav,1:00:24
1517,3595,Alexi Alan,1:00:24
1518,2352,Breznen Igor,1:00:25
1519,3039,Kováč Ján,1:00:25
1520,3147,Plánka Ladislav,1:00:25
1521,2001,Hubner Roman,1:00:27
1522,2597,Kováč Karol,1:00:27
1523,2106,Múčka Dominik,1:00:28
1524,2985,Tirpák Martin,1:00:28
1525,3087,Karabel Tomáš,1:00:28
1526,3453,Vešelínyi Ferdinand,1:00:28
1527,2968,Westwater Derek,1:00:31
1528,3151,Furčák Michal,1:00:31
1529,3164,Grich Pavol,1:00:31
1530,2026,Bagala Martin,1:00:32
1531,2563,Lučanský Milan,1:00:32
1532,3349,Ivanko Richard,1:00:33
1533,3283,Bartek Peter,1:00:34
1534,1324,Blichár Marek,1:00:35
1535,2929,Hotra Adam,1:00:35
1536,3519,Fiľakovský Ján,1:00:35
1537,3673,Knapec Juraj,1:00:36
1538,2571,Páleník Dominik,1:00:37
1539,2866,Kopkáš Radoslav,1:00:37
1540,3193,Michalík Michal,1:00:37
1541,2596,Blaško Richard,1:00:39
1542,3551,Gallik Stanislav,1:00:40
1543,1528,Húska Michal,1:00:41
1544,2671,Saloň Dávid,1:00:42
1545,2672,Janči Maroš,1:00:42
1546,2897,Holub Michal,1:00:42
1547,3544,Kováč Radovan,1:00:43
1548,3386,Syn Peter,1:00:44
1549,3361,Pavlík Ján,1:00:45
1550,3604,Choleva Marek,1:00:45
1551,2943,Breznai Miroslav,1:00:46
1552,3044,Bižák Filip,1:00:47
1553,3168,Olejar Juraj,1:00:47
1554,2029,Vajdiar Marek,1:00:48
1555,2631,Kliment Ján,1:00:49
1556,2850,Lupták Miroslav,1:00:49
1557,2917,Silváši Viliam,1:00:49
1558,2862,Rossi Brian,1:00:50
1559,3001,Obsitnik Vince,1:00:50
1560,2264,Mišek Tomáš,1:00:52
1561,2805,Vrbovský Jakub,1:00:53
1562,3024,Mitašík Roman,1:00:55
1563,2113,Cironis Tomas,1:00:57
1564,2127,Palasthy Jozef,1:00:57
1565,2228,Mačák Daniel,1:00:57
1566,2468,Hossini Nasab Daniel,1:00:58
1567,2809,Filakovsky Marcel,1:00:58
1568,3042,Valkučák Martin,1:00:59
1569,2119,Urbanyak Radko,1:01:02
1570,2520,Janíček Peter,1:01:04
1571,2837,Čech Miroslav,1:01:04
1572,3378,Baluch Kristián,1:01:05
1573,2926,Ondovčík Samuel,1:01:06
1574,3438,Trocha Rastislav,1:01:06
1575,3277,Hlubocky Roman,1:01:08
1576,3612,Čeman Miloš,1:01:08
1577,3069,Vojtašovič Martin,1:01:10
1578,2604,Vančo Marek,1:01:13
1579,2656,Kyseľa Šimon,1:01:13
1580,2261,Senko Šimon,1:01:14
1581,3322,Ďurica Marián,1:01:14
1582,1600,Gaspar James,1:01:15
1583,2544,Vega Gehjung,1:01:15
1584,3288,Ondrejka Peter,1:01:17
1585,2879,Rusinko Martin,1:01:18
1586,2241,Hubanov Martin,1:01:19
1587,2653,Križan Juraj,1:01:20
1588,3141,Kundra Igor,1:01:23
1589,3324,Vávra Michal,1:01:25
1590,3339,Karlík Martin,1:01:26
1591,2708,Gaško Tomáš,1:01:27
1592,3128,Šolc Martin,1:01:28
1593,2647,Slušňák Peter,1:01:29
1594,3353,Majkut Šimon,1:01:29
1595,3161,Repka Jakub,1:01:31
1596,2674,Majerník Matúš,1:01:34
1597,2617,Košút Ivan,1:01:37
1598,3118,Rakica Ján,1:01:39
1599,3589,Nagy Gabriel,1:01:39
1600,2931,Boda Róbert,1:01:42
1601,1536,Kim Jeongsoo,1:01:45
1602,2441,Čekel Eduard,1:01:50
1603,3192,Štofira Vojtech,1:01:50
1604,1944,Turik Adrian,1:01:51
1605,2715,Balla Istvan,1:01:51
1606,3451,Jalč Alexander,1:01:51
1607,3557,Tonhajzer Patrik,1:01:51
1608,3598,Zuberek Karol,1:01:52
1609,3199,Majláth Ján,1:01:53
1610,3445,Neupauer Samuel,1:01:54
1611,1672,Šandera Martin,1:01:56
1612,3092,Pinka Andrej,1:01:57
1613,2442,Švrlo Dominik,1:01:58
1614,3469,Havlik Ján,1:02:01
1615,2681,Petik Pavol,1:02:03
1616,3249,Šiška Jozef,1:02:04
1617,3144,Hutira Rudolf,1:02:05
1618,2403,Jarabák Peter,1:02:08
1619,3345,Strandtrift Sebastian,1:02:08
1620,3466,Eštok Patrik,1:02:09
1621,3662,Podopryhora Oleksandr,1:02:09
1622,2925,Jurko Matus,1:02:11
1623,3305,Kender Miroslav,1:02:11
1624,2699,Ambróz Jakub,1:02:13
1625,2987,Malatin Jozef,1:02:13
1626,2166,Paška Martin,1:02:14
1627,2793,Pavlák Michal,1:02:15
1628,2414,Poluch Marek,1:02:16
1629,2799,Kozák Rudolf,1:02:16
1630,1437,Mareček Lukáš,1:02:18
1631,2267,Čulý Adrián,1:02:18
1632,2156,Borovsky Bruno,1:02:19
1633,3394,Mikl Tamas,1:02:19
1634,3588,Račko Valentín,1:02:19
1635,2742,Kerekeš Ladislav,1:02:22
1636,2354,Zubricky Krištof,1:02:23
1637,3443,Tomašík Peter,1:02:24
1638,2933,Hortai Gábor,1:02:25
1639,2552,Pastir Stanislav,1:02:28
1640,3076,Semivan Ivan,1:02:29
1641,3461,Varga Marián,1:02:40
1642,3077,Spisak Tibor,1:02:42
1643,3017,Bezák Jozef,1:02:43
1644,2366,Tucker Michael,1:02:44
1645,3708,Novosad Matej,1:02:44
1646,1399,Bertics Karol,1:02:45
1647,3516,Barok Šimon,1:02:49
1648,3108,Varháč Blažej,1:02:50
1649,2978,Antol Ladislav,1:02:51
1650,3587,Hrabovský Michal,1:02:51
1651,2912,Bator Peter,1:02:52
1652,3347,Holub Viktor,1:02:52
1653,2824,Šalata Ján,1:02:53
1654,2654,Krestian Slavomír,1:02:55
1655,3284,Šepental Rastislav,1:02:55
1656,2747,Dušek Karel,1:02:56
1657,2299,Egleston Aidan,1:02:57
1658,3493,Lukas Fabian,1:02:58
1659,3468,Cíbik Jaroslav,1:02:59
1660,2776,Smith Shaun Andrew,1:03:02
1661,3289,Király Matúš,1:03:02
1662,2848,Paulovič Marek,1:03:04
1663,3100,Toman Martin,1:03:09
1664,1518,Vozár Rastislav,1:03:10
1665,1798,Čajkovič Milan,1:03:10
1666,3450,Heligman Ján,1:03:15
1667,2462,Chyla Michal,1:03:16
1668,3384,Petro Richard,1:03:16
1669,2804,Trifán Tomáš,1:03:20
1670,3275,Brandis Pavol,1:03:20
1671,2785,Rabatin Richard,1:03:21
1672,3680,Hovorka Juraj,1:03:21
1673,3550,Seman Jaroslav,1:03:22
1674,2637,Behun Matúš,1:03:25
1675,2683,Korinek Ondrej,1:03:31
1676,3207,Gyurkovics Peter,1:03:31
1677,3180,Hlubovič Jozef,1:03:33
1678,3155,Kralik Lukas,1:03:35
1679,3179,Hlubovič Patrik,1:03:35
1680,2522,Oros Viliam,1:03:37
1681,2429,Šimko Martin,1:03:38
1682,2938,Tehlár Lukáš,1:03:38
1683,2684,Butala Jozef,1:03:39
1684,3031,De Meulder Hans,1:03:40
1685,3486,Hatiar Rastislav,1:03:42
1686,2308,Fulopp Tomas,1:03:43
1687,3605,Łączyński Andrzej,1:03:44
1688,3397,Panák Marek,1:03:45
1689,3254,Jurco Ľubomír,1:03:47
1690,3348,Bordevik Benjamin,1:03:47
1691,2721,Varjú Štefan,1:03:49
1692,3007,Pápai László,1:03:50
1693,3344,Seman Ľubomír,1:03:51
1694,3648,Šamu Marian,1:03:51
1695,2341,Karak Štefan,1:03:54
1696,3404,Sivčo Alexander,1:03:55
1697,3572,Šarišský Šimon,1:03:56
1698,2431,Pagáč Stanislav,1:03:57
1699,3074,Turcsányi Viliam,1:03:58
1700,3413,Staško Pavol,1:04:01
1701,3393,Geary John,1:04:05
1702,3023,Slezák Andrej,1:04:07
1703,3252,Križko Igor,1:04:09
1704,3585,Kunca Lukáš,1:04:09
1705,3086,Kováč Ján,1:04:10
1706,3098,Zigo Jozef,1:04:10
1707,2905,Mesároš Ján,1:04:12
1708,3194,Tóth František,1:04:12
1709,3541,Kňaze Milan,1:04:12
1710,3025,Repa Ľuboš,1:04:14
1711,3157,Dobrík Igor,1:04:18
1712,2682,Chovaňák Michal,1:04:19
1713,3122,Tsepkov Oleksandr,1:04:20
1714,3016,Hugec Peter,1:04:21
1715,2961,Rendoš Štefan,1:04:30
1716,3492,Bodnár Adam,1:04:35
1717,2488,Haluška Marián,1:04:40
1718,3090,Hadam Ryszard,1:04:40
1719,3584,Chynoranský Matej,1:04:41
1720,3652,Tichý Tomáš,1:04:43
1721,2825,Belejkanic Lukas,1:04:46
1722,3476,Kuča Juraj,1:04:50
1723,3633,Nemcek Stefan,1:04:51
1724,3272,Želinský Rudolf,1:04:52
1725,3435,Hromek Rado,1:04:56
1726,2899,Mergleský Matúš,1:04:58
1727,3259,Nosál Filip,1:05:00
1728,3294,Kačmár Daniel,1:05:00
1729,3408,Trubač Róbert,1:05:01
1730,3313,Lipták Kristián,1:05:02
1731,3258,Beli Stanislav,1:05:05
1732,3609,Bartoš Vladimír,1:05:06
1733,3304,Bobrík Mišo,1:05:08
1734,3111,Lochaj Michal,1:05:09
1735,3112,Servátka Mário,1:05:09
1736,3423,Fumač Milan,1:05:12
1737,3166,Germán Roland,1:05:14
1738,2004,Timuľák Jozef,1:05:15
1739,1450,Gągor Sebastian,1:05:16
1740,1368,Ślepiak Adam,1:05:17
1741,3084,Fazekaš Attila,1:05:23
1742,1648,Ivanak Radomir,1:05:26
1743,3099,Pavelka Kristián,1:05:26
1744,3625,Szakács Marek,1:05:27
1745,3106,Botansky Martin,1:05:28
1746,3518,Chlubna Rastislav,1:05:30
1747,3681,Drabik Peter,1:05:31
1748,3483,Sopko Luboslav,1:05:38
1749,3273,Kovacka Timotej,1:05:47
1750,3297,Sedlák Viktor,1:05:50
1751,3010,Tóth Pavol,1:05:56
1752,2477,Simonides Peter,1:05:57
1753,2626,Petro Matúš,1:05:57
1754,2740,Zúbrik Janko,1:05:57
1755,3309,Kanuk Martin,1:05:57
1756,3015,Marschall Marek,1:05:58
1757,3026,Fedič Marek,1:05:58
1758,3491,Pištej Martin,1:05:58
1759,3328,Kester Stefan,1:06:00
1760,1288,Piják Peter,1:06:01
1761,3271,Dospíšil David,1:06:01
1762,3323,Sárvári Zoltán,1:06:01
1763,3440,Lakomý Miroslav,1:06:01
1764,3220,Jakubkovič Dominik,1:06:02
1765,3405,Fuček Denis,1:06:02
1766,3431,Wittlinger Richard,1:06:02
1767,2823,Rakušan Karol,1:06:03
1768,3618,Mika Ján,1:06:03
1769,2378,Trimay Jakub,1:06:04
1770,2419,Riecky Ladislav,1:06:04
1771,2636,Karabinoš Ondrej,1:06:04
1772,3285,Bizub Branislav,1:06:05
1773,3449,Žilla Ladislav,1:06:05
1774,3629,Mateicka Peter,1:06:05
1775,2437,Chochoľak Jaroslav,1:06:06
1776,2761,Prochádzka Marek,1:06:06
1777,2525,Csatlos Attila,1:06:07
1778,3241,Vinclér Mário,1:06:08
1779,3242,Vinclér Milan,1:06:08
1780,3332,Mikloš Marko,1:06:08
1781,2412,Mikláš Dominik,1:06:09
1782,3162,Foltín Ján,1:06:09
1783,3331,Špan Jakub,1:06:09
1784,3373,Marcinov Matej,1:06:09
1785,2497,Bari Arpád,1:06:10
1786,3079,Jurčo Gabriel,1:06:10
1787,3222,Kertész Tomáš,1:06:10
1788,2392,Kuchta Leonard,1:06:11
1789,3398,Binar Martin,1:06:11
1790,3330,Piroh Damián,1:06:12
1791,3545,Miklošík Michal,1:06:13
1792,3670,Cedzo Ján,1:06:14
1793,3035,Augustín Jakub,1:06:15
1794,2906,Lelovič Roman,1:06:20
1795,3113,Kulizak Marian,1:06:20
1796,3287,Huska Samuel,1:06:21
1797,3374,Ďuriš Martin,1:06:24
1798,3583,Borovský Matej,1:06:28
1799,2939,Smida Martin,1:06:30
1800,1089,Czekalla Dennis,1:06:39
1801,1359,Jasenovský Andrej,1:06:44
1802,3182,Mĺkvy Martin,1:06:45
1803,3527,Hurný Martin,1:06:47
1804,1119,Smith Bradley,1:06:48
1805,3555,Pancurak Milan,1:06:55
1806,3576,Szentkereszty Nikolas,1:06:55
1807,3293,Kokuľa Oliver,1:06:56
1808,3425,Bugata Jan,1:06:57
1809,3238,Marcin Štefan,1:06:59
1810,3597,Sindler Ondrej,1:07:01
1811,3477,Baliak Patrik,1:07:07
1812,3185,Jakubo Jozef,1:07:18
1813,2007,Nagy David,1:07:22
1814,3281,Fedor Ladislav,1:07:23
1815,2678,Kliman Igor,1:07:25
1816,3701,Šarudi Stanislav,1:07:29
1817,3078,Drobňák Erik,1:07:34
1818,3186,Hrotko Imrich,1:07:42
1819,3458,Yamashita Shimpei,1:07:43
1820,3645,Žůrek Adam,1:07:44
1821,3586,Letko Bernard,1:07:48
1822,3060,Adamec Miroslav,1:07:56
1823,1884,Sučka Daniel,1:07:59
1824,2260,Zapotocký Adam,1:08:03
1825,3657,Stolárik Matúš,1:08:04
1826,3006,Jandera Aleš,1:08:07
1827,3497,Muzikář Martin,1:08:07
1828,1042,Tisza Tibor,1:08:08
1829,3530,Šaľ Peter,1:08:14
1830,2910,Kumičák Ivan,1:08:27
1831,2370,Altof Peter,1:08:28
1832,2480,Marcinko Róbert,1:08:28
1833,3083,Sutherland Paul,1:08:31
1834,3607,Blažek Tomáš,1:08:32
1835,3205,Pavlov Jaroslav,1:08:35
1836,3574,Ferge Istvan,1:08:47
1837,3712,Ferko Michal,1:08:59
1838,3495,Žittňanský Martin,1:09:27
1839,3496,Kopil Daniel,1:09:27
1840,3552,Vagaš Matúš,1:09:33
1841,3591,Lakoštík Martin,1:09:34
1842,61,Pavuk Marian,1:09:45
1843,3436,Smolár Július,1:09:52
1844,3005,Uličný Peter,1:09:53
1845,3447,Zápražný Tomáš,1:09:57
1846,3257,Rugelj Samo,1:09:59
1847,3325,Gajdoš Dominik,1:09:59
1848,3027,Pudiš Tomáš,1:10:03
1849,2538,Hradecky Pavel,1:10:07
1850,3295,Sojčák Juraj,1:10:07
1851,3546,Mičian Peter,1:10:12
1852,3262,Pegler Adam,1:10:13
1853,3265,Andrijasevic Radoslav,1:10:15
1854,3484,Harvánek Tomáš,1:10:24
1855,2801,Oros Marek,1:10:29
1856,2457,Cabuk Peter,1:10:43
1857,3416,Cisár Adam,1:10:43
1858,3626,Volna Viliam,1:10:48
1859,3488,Siew Mun Kit,1:10:52
1860,3197,Kacmarik Samuel,1:11:07
1861,3559,Kramný Pavel,1:11:21
1862,3063,Benka Jozef,1:11:30
1863,3243,Benka Dávid,1:11:32
1864,3529,Talian Miroslav,1:12:16
1865,3219,Polák Drahomír,1:12:37
1866,3216,Jurek Jan,1:12:40
1867,3651,Lenart Daniel,1:12:44
1868,3621,Bohunický Ján,1:12:52
1869,3406,Kiss Martin,1:13:06
1870,3661,Kozák Ján,1:13:24
1871,3494,Obr Dávid,1:13:34
1872,3478,Benický Roman,1:13:36
1873,2739,Bäuml Adam,1:13:37
1874,3052,Čík Samuel,1:13:43
1875,3459,Cocard Jean-Yves,1:13:48
1876,3479,Sokolsky Jan,1:14:00
1877,2592,Müller František Dominik,1:14:19
1878,1081,Klimek Ján,1:14:44
1879,3660,Gregor Baldo,1:14:46
1880,3387,Milovčik Maroš,1:14:56
1881,3517,Viravec Joshua Samuel,1:15:01
1882,3415,Suroviak Richard,1:15:38
1883,3018,Polc Štefan,1:15:46
1884,3268,Dorčák Ján,1:15:56
1885,3526,Vostrý Miroslav,1:16:02
1886,3429,Ligocki Karel,1:16:15
1887,1049,Polák Peter,1:16:16
1888,3377,Pribičko Peter,1:16:18
1889,3490,Trombik Emil,1:16:30
1890,3639,Jacobson Robert,1:17:33
1891,3569,Grexa Patrik,1:18:06
1892,2503,Štreicher Mudr Jozef,1:18:29
1893,2954,Vonderčík Michal,1:26:29
1894,3669,Máčala Jaroslav,1:36:03
1895,70,Sentandráši Stanislav,1:51:04
1896,1169,Papuga Miroslav,1:51:05
1897,1407,Vlček Marián,2:05:23
1898,1854,Haluška Branislav,2:12:33
1899,1850,Štober Peter,2:19:22
1900,2184,Marušic Martin,2:20:30
1901,3145,Radomský Slavomír,2:27:01
1902,2545,Spaček Pavel,2:32:57
1903,2476,Jurišica Peťo,2:38:21
1904,2118,Suja Erik,2:42:33
1905,3417,Boledovic Stanislav,2:43:54
1906,3628,Kačaliak Lukáš,2:43:59
1907,2192,Hamada Marián,3:02:05
